[{"model": "admin.logentry", "pk": 1, "fields": {"action_time": "2024-04-25T20:12:09.325Z", "user": 1, "content_type": 13, "object_id": "1", "object_repr": "desktops", "action_flag": 1, "change_message": "[{\"added\": {}}]"}}, {"model": "admin.logentry", "pk": 2, "fields": {"action_time": "2024-04-25T20:14:00.001Z", "user": 1, "content_type": 14, "object_id": "1", "object_repr": "ASUS M3700", "action_flag": 1, "change_message": "[{\"added\": {}}]"}}, {"model": "admin.logentry", "pk": 3, "fields": {"action_time": "2024-04-27T11:51:37.378Z", "user": 1, "content_type": 13, "object_id": "2", "object_repr": "laptops", "action_flag": 1, "change_message": "[{\"added\": {}}]"}}, {"model": "admin.logentry", "pk": 4, "fields": {"action_time": "2024-04-27T11:51:56.188Z", "user": 1, "content_type": 13, "object_id": "3", "object_repr": "notebooks", "action_flag": 1, "change_message": "[{\"added\": {}}]"}}, {"model": "admin.logentry", "pk": 5, "fields": {"action_time": "2024-04-27T11:52:18.584Z", "user": 1, "content_type": 13, "object_id": "4", "object_repr": "tablets", "action_flag": 1, "change_message": "[{\"added\": {}}]"}}, {"model": "admin.logentry", "pk": 6, "fields": {"action_time": "2024-04-27T11:52:36.930Z", "user": 1, "content_type": 13, "object_id": "5", "object_repr": "phones", "action_flag": 1, "change_message": "[{\"added\": {}}]"}}, {"model": "admin.logentry", "pk": 7, "fields": {"action_time": "2024-04-27T11:52:49.425Z", "user": 1, "content_type": 13, "object_id": "6", "object_repr": "digital_watches", "action_flag": 1, "change_message": "[{\"added\": {}}]"}}, {"model": "admin.logentry", "pk": 8, "fields": {"action_time": "2024-04-27T11:53:02.483Z", "user": 1, "content_type": 13, "object_id": "7", "object_repr": "fitness_trackers", "action_flag": 1, "change_message": "[{\"added\": {}}]"}}, {"model": "admin.logentry", "pk": 9, "fields": {"action_time": "2024-04-27T11:53:19.434Z", "user": 1, "content_type": 13, "object_id": "8", "object_repr": "new_arrivals", "action_flag": 1, "change_message": "[{\"added\": {}}]"}}, {"model": "admin.logentry", "pk": 10, "fields": {"action_time": "2024-04-27T11:53:31.942Z", "user": 1, "content_type": 13, "object_id": "9", "object_repr": "all_specials", "action_flag": 1, "change_message": "[{\"added\": {}}]"}}, {"model": "admin.logentry", "pk": 11, "fields": {"action_time": "2024-04-27T11:53:41.838Z", "user": 1, "content_type": 13, "object_id": "10", "object_repr": "deals", "action_flag": 1, "change_message": "[{\"added\": {}}]"}}, {"model": "admin.logentry", "pk": 12, "fields": {"action_time": "2024-04-27T11:53:50.399Z", "user": 1, "content_type": 13, "object_id": "11", "object_repr": "clearance", "action_flag": 1, "change_message": "[{\"added\": {}}]"}}, {"model": "admin.logentry", "pk": 13, "fields": {"action_time": "2024-04-27T11:56:25.133Z", "user": 1, "content_type": 14, "object_id": "12", "object_repr": "APPLE MacBook Pro 16\"", "action_flag": 1, "change_message": "[{\"added\": {}}]"}}, {"model": "admin.logentry", "pk": 14, "fields": {"action_time": "2024-04-27T11:57:07.898Z", "user": 1, "content_type": 14, "object_id": "13", "object_repr": "ASUS Vivobook Pro 16X", "action_flag": 1, "change_message": "[{\"added\": {}}]"}}, {"model": "admin.logentry", "pk": 15, "fields": {"action_time": "2024-04-27T11:57:46.263Z", "user": 1, "content_type": 14, "object_id": "14", "object_repr": "HP Spectre x360", "action_flag": 1, "change_message": "[{\"added\": {}}]"}}, {"model": "admin.logentry", "pk": 16, "fields": {"action_time": "2024-04-27T12:15:01.271Z", "user": 1, "content_type": 14, "object_id": "15", "object_repr": "LENOVO Yoga Pro 9", "action_flag": 1, "change_message": "[{\"added\": {}}]"}}, {"model": "admin.logentry", "pk": 17, "fields": {"action_time": "2024-04-27T12:15:33.030Z", "user": 1, "content_type": 14, "object_id": "16", "object_repr": "LG gram 17", "action_flag": 1, "change_message": "[{\"added\": {}}]"}}, {"model": "admin.logentry", "pk": 18, "fields": {"action_time": "2024-04-27T12:16:17.978Z", "user": 1, "content_type": 14, "object_id": "17", "object_repr": "LG gram Style", "action_flag": 1, "change_message": "[{\"added\": {}}]"}}, {"model": "admin.logentry", "pk": 19, "fields": {"action_time": "2024-04-27T12:16:53.734Z", "user": 1, "content_type": 14, "object_id": "18", "object_repr": "MICROSOFT 14.4\" Surface Laptop Studio 2", "action_flag": 1, "change_message": "[{\"added\": {}}]"}}, {"model": "admin.logentry", "pk": 20, "fields": {"action_time": "2024-04-27T12:17:29.507Z", "user": 1, "content_type": 14, "object_id": "19", "object_repr": "SAMSUNG Galaxy Book4 Ultra 16\"", "action_flag": 1, "change_message": "[{\"added\": {}}]"}}, {"model": "admin.logentry", "pk": 21, "fields": {"action_time": "2024-04-27T14:07:08.061Z", "user": 1, "content_type": 14, "object_id": "25", "object_repr": "REMARKABLE 2", "action_flag": 2, "change_message": "[{\"changed\": {\"fields\": [\"Category\"]}}]"}}, {"model": "admin.logentry", "pk": 22, "fields": {"action_time": "2024-04-27T14:07:50.962Z", "user": 1, "content_type": 14, "object_id": "26", "object_repr": "REMARKABLE 2", "action_flag": 1, "change_message": "[{\"added\": {}}]"}}, {"model": "admin.logentry", "pk": 23, "fields": {"action_time": "2024-04-27T14:08:28.015Z", "user": 1, "content_type": 14, "object_id": "27", "object_repr": "LENOVO Smart Paper 10.3\"", "action_flag": 1, "change_message": "[{\"added\": {}}]"}}, {"model": "admin.logentry", "pk": 24, "fields": {"action_time": "2024-04-27T14:43:21.175Z", "user": 1, "content_type": 14, "object_id": "39", "object_repr": "GOOGLE Pixel Fold", "action_flag": 2, "change_message": "[{\"changed\": {\"fields\": [\"Category\"]}}]"}}, {"model": "admin.logentry", "pk": 25, "fields": {"action_time": "2024-04-27T14:43:54.506Z", "user": 1, "content_type": 14, "object_id": "41", "object_repr": "SAMSUNG Galaxy S23 Ultra", "action_flag": 1, "change_message": "[{\"added\": {}}]"}}, {"model": "admin.logentry", "pk": 26, "fields": {"action_time": "2024-04-27T14:44:25.812Z", "user": 1, "content_type": 14, "object_id": "42", "object_repr": "SAMSUNG Galaxy S24 Ultra", "action_flag": 1, "change_message": "[{\"added\": {}}]"}}, {"model": "admin.logentry", "pk": 27, "fields": {"action_time": "2024-04-27T14:45:55.353Z", "user": 1, "content_type": 14, "object_id": "43", "object_repr": "HONOR Magic V2", "action_flag": 1, "change_message": "[{\"added\": {}}]"}}, {"model": "admin.logentry", "pk": 28, "fields": {"action_time": "2024-04-27T15:45:00.042Z", "user": 1, "content_type": 14, "object_id": "49", "object_repr": "HUAWEI Watch Ultimate", "action_flag": 2, "change_message": "[{\"changed\": {\"fields\": [\"Category\"]}}]"}}, {"model": "admin.logentry", "pk": 29, "fields": {"action_time": "2024-05-06T13:27:22.533Z", "user": 1, "content_type": 8, "object_id": "1", "object_repr": "Admin@admin.com", "action_flag": 2, "change_message": "[{\"changed\": {\"fields\": [\"Verified\", \"Primary\"]}}]"}}, {"model": "auth.user", "pk": 1, "fields": {"password": "pbkdf2_sha256$260000$OtdV44vW7DQ24uYX6yvLMa$JPXTA0Q8CwD32GvpbjMGr8fO1Q5FtREpKWz72lDhNSc=", "last_login": "2024-05-06T13:27:10.683Z", "is_superuser": true, "username": "Admin", "first_name": "", "last_name": "", "email": "Admin@admin.com", "is_staff": true, "is_active": true, "date_joined": "2024-04-25T20:06:24.288Z", "groups": [], "user_permissions": []}}, {"model": "auth.user", "pk": 2, "fields": {"password": "pbkdf2_sha256$260000$NGjSoOucbAg3JwtYOqp5KP$uPmvCxho7Cn5r3AYrpjzPXpCfQxTKMvcq4JvtHzZBMM=", "last_login": "2024-05-06T15:09:59.813Z", "is_superuser": true, "username": "dutchmims", "first_name": "", "last_name": "", "email": "dutchmims@dutchmims.com", "is_staff": true, "is_active": true, "date_joined": "2024-05-06T15:09:45.749Z", "groups": [], "user_permissions": []}}, {"model": "sessions.session", "pk": "4f177qw6963un69nj3etb0ekehp4p965", "fields": {"session_data": ".eJxVjDsOwjAQBe_iGlmJP2svJT1nsHa9NgkgR8qnQtwdIqWA9s3Me6lE2zqkbSlzGkWdlVGn340pP0rbgdyp3Sadp7bOI-td0Qdd9HWS8rwc7t_BQMvwratY34sXcIHZognGoUGEAJWwY6gcircYsRdCxBp9B9YFABdzFyup9wfIMDbu:1s3zyZ:Lge-7dqlDGHogBqA5ljwkRBK48HFPgAKz0hpMTXBn6k", "expire_date": "2024-05-20T15:09:59.817Z"}}, {"model": "sessions.session", "pk": "a9vpybh92sd4h7d36s3lob65on6hpx8q", "fields": {"session_data": ".eJxVjMEOwiAQBf-FsyFQaAs9evcbCMsuFjVgoE00xn_XJr30-mbmfZhr1Foq2dHrmeqbTeLEnF-X2a2NqkvIJibZYQMf7pQ3gDefr4WHkpeagG8K32njl4L0OO_u4WD2bf7XCoxGRcorYYNFML2ynRS96SFaiWAxwhhHHaOyAYwNUZhAwyCVNhrGjn1_D0w_Lg:1s0krt:VdI1J70xm3Jyx9PIf0WnY0oTPsWjYxWJMpv1M3boBA8", "expire_date": "2024-05-11T16:25:41.565Z"}}, {"model": "sessions.session", "pk": "xaftiwp9ysadj0wocdvjtgavhlincy01", "fields": {"session_data": ".eJxVjEEOwiAQRe_C2hDoQGFcuvcMhGFAqoYmpV0Z765NutDtf-_9lwhxW2vYel7CxOIstDj9bhTTI7cd8D222yzT3NZlIrkr8qBdXmfOz8vh_h3U2Ou3BvKGIUMEhQmZvAUctLLeUkHNhFzIFWdKAUzkMRXlUx5HDcYbcoN4fwDmYTfx:1s3yNG:co0gmOJXau8MEIT1KaddPkQagZ3UeBgiNHac2YpoFu4", "expire_date": "2024-05-20T13:27:22.619Z"}}, {"model": "sites.site", "pk": 1, "fields": {"domain": "example.com", "name": "example.com"}}, {"model": "account.emailaddress", "pk": 1, "fields": {"user": 1, "email": "Admin@admin.com", "verified": true, "primary": true}}, {"model": "products.category", "pk": 1, "fields": {"name": "desktops", "friendly_name": "Desktops"}}, {"model": "products.category", "pk": 2, "fields": {"name": "laptops", "friendly_name": "Laptops"}}, {"model": "products.category", "pk": 3, "fields": {"name": "notebooks", "friendly_name": "Notebooks"}}, {"model": "products.category", "pk": 4, "fields": {"name": "tablets", "friendly_name": "Tablets"}}, {"model": "products.category", "pk": 5, "fields": {"name": "phones", "friendly_name": "Phones"}}, {"model": "products.category", "pk": 6, "fields": {"name": "digital_watches", "friendly_name": "Digital Watches"}}, {"model": "products.category", "pk": 7, "fields": {"name": "fitness_trackers", "friendly_name": "Fitness Trackers"}}, {"model": "products.category", "pk": 8, "fields": {"name": "new_arrivals", "friendly_name": "New Arrivals"}}, {"model": "products.category", "pk": 9, "fields": {"name": "all_specials", "friendly_name": "All Specials"}}, {"model": "products.category", "pk": 10, "fields": {"name": "deals", "friendly_name": "Deals"}}, {"model": "products.category", "pk": 11, "fields": {"name": "clearance", "friendly_name": "Clearance"}}, {"model": "products.product", "pk": 1, "fields": {"category": 1, "sku": null, "name": "ASUS M3700", "description": "ASUS M3700 27\" All-in-One PC - AMD Ryzen 7, 1 TB SSD, White", "has_sizes": false, "price": "2799.00", "rating": null, "image_url": null, "image": "ASUS_M3700_2722_All-in-One_PC_-_AMD_Ryzen_7_1_TB_SSD_White_EpO8t7h.png"}}, {"model": "products.product", "pk": 2, "fields": {"category": 1, "sku": null, "name": "ACER Aspire S32-1856", "description": "ACER Aspire S32-1856 31.5\" All-in-One PC - Intel® Core™ i7, 1 TB SSD, Grey", "has_sizes": false, "price": "2999.00", "rating": null, "image_url": null, "image": "ACER_Aspire_S32-1856_31.522_All-in-One_PC_-_Intel_Core_i7_1_TB_SSD_Grey_PNbG58b.png"}}, {"model": "products.product", "pk": 5, "fields": {"category": 1, "sku": null, "name": "APPLE iMac 4.5K", "description": "APPLE iMac 4.5K 24\" (2023) - M3, 512 GB SSD, Pink", "has_sizes": false, "price": "2999.00", "rating": null, "image_url": null, "image": "APPLE_iMac_4.5K_2422_2023_-_M3_512_GB_SSD_Pink.png"}}, {"model": "products.product", "pk": 6, "fields": {"category": 1, "sku": null, "name": "APPLE iMac 4.5K", "description": "APPLE iMac 4.5K 24\" (2023) - M3, 512 GB SSD, Blue", "has_sizes": false, "price": "2999.00", "rating": null, "image_url": null, "image": "APPLE_iMac_4.5K_2422_2023_-_M3_512_GB_SSD_Blue.png"}}, {"model": "products.product", "pk": 8, "fields": {"category": 1, "sku": null, "name": "APPLE iMac 4.5K", "description": "APPLE iMac 4.5K 24\" (2023) - M3, 512 GB SSD, Silver", "has_sizes": false, "price": "2999.00", "rating": null, "image_url": null, "image": "APPLE_iMac_4.5K_2422_2023_-_M3_512_GB_SSD_Silver.png"}}, {"model": "products.product", "pk": 9, "fields": {"category": 1, "sku": null, "name": "ACER Aspire C24-1800", "description": "ACER Aspire C24-1800 23.8\" All-in-One PC - Intel® Core™ i5, 512 GB SSD, Black", "has_sizes": false, "price": "2799.00", "rating": null, "image_url": null, "image": "ACER_Aspire_C24-1800_23.822_All-in-One_PC_-_Intel_Core_i5_512_GB_SSD_Black.png"}}, {"model": "products.product", "pk": 10, "fields": {"category": 1, "sku": null, "name": "LENOVO IdeaCentre AIO 3i", "description": "LENOVO IdeaCentre AIO 3i 23.8\" All-in-One PC - Intel® Core™ i5, 512 GB SSD, Black", "has_sizes": false, "price": "2699.00", "rating": null, "image_url": null, "image": "LENOVO_IdeaCentre_AIO_3i_23.822_All-in-One_PC_-_Intel_Core_i5_512_GB_SSD_Black.png"}}, {"model": "products.product", "pk": 11, "fields": {"category": 1, "sku": null, "name": "APPLE Studio Display", "description": "APPLE Studio Display with Tilt-Adjustable Stand - Silver", "has_sizes": false, "price": "3899.00", "rating": null, "image_url": null, "image": "APPLE_Studio_Display_with_Tilt-Adjustable_Stand_-_Silver_42R4rt6.png"}}, {"model": "products.product", "pk": 12, "fields": {"category": 2, "sku": null, "name": "APPLE MacBook Pro 16\"", "description": "APPLE MacBook Pro 16\" (2023) - M3 Max, 1 TB SSD, Space Black", "has_sizes": false, "price": "2799.00", "rating": null, "image_url": null, "image": "APPLE_MacBook_Pro_1622_2023_-_M3_Max_1_TB_SSD_Space_Black.png"}}, {"model": "products.product", "pk": 13, "fields": {"category": 2, "sku": null, "name": "ASUS Vivobook Pro 16X", "description": "ASUS Vivobook Pro 16X K6604JI 16\" Laptop - Intel® Core™ i9, 1 TB SSD, Silver", "has_sizes": false, "price": "2899.00", "rating": null, "image_url": null, "image": "ASUS_Vivobook_Pro_16X_K6604JI_1622_Laptop_-_Intel_Core_i9_1_TB_SSD_Silver.png"}}, {"model": "products.product", "pk": 14, "fields": {"category": 2, "sku": null, "name": "HP Spectre x360", "description": "HP Spectre x360 16-aa0500na 16\" 2 in 1 Laptop - Intel® Core™ Ultra 7, 1 TB SSD, Black", "has_sizes": false, "price": "2499.00", "rating": null, "image_url": null, "image": "HP_Spectre_x360_16-aa0500na_1622_2_in_1_Laptop_-_Intel_Core_Ultra_7_1_TB_SSD_Black.png"}}, {"model": "products.product", "pk": 15, "fields": {"category": 2, "sku": null, "name": "LENOVO Yoga Pro 9", "description": "LENOVO Yoga Pro 9 16\" Laptop - Intel® Core™ i9, 1 TB SSD, Blue", "has_sizes": false, "price": "1999.00", "rating": null, "image_url": null, "image": "LENOVO_Yoga_Pro_9_1622_Laptop_-_Intel_Core_i9_1_TB_SSD_Blue.png"}}, {"model": "products.product", "pk": 16, "fields": {"category": 2, "sku": null, "name": "LG gram 17", "description": "LG gram 17 17Z90R-K.AD7BA1 17\" Laptop - Intel® Core™ i7, 2 TB SSD, Black", "has_sizes": false, "price": "1899.00", "rating": null, "image_url": null, "image": "LG_gram_17_17Z90R-K.AD7BA1_1722_Laptop_-_Intel_Core_i7_2_TB_SSD_Black.png"}}, {"model": "products.product", "pk": 17, "fields": {"category": 2, "sku": null, "name": "LG gram Style", "description": "LG gram Style OLED 16Z90RS-K.AD77A1 16\" Laptop - Intel® Core™ i7, 1 TB SSD, White", "has_sizes": false, "price": "2199.00", "rating": null, "image_url": null, "image": "LG_gram_Style_OLED_16Z90RS-K.AD77A1_1622_Laptop_-_Intel_Core_i7_1_TB_SSD_White.png"}}, {"model": "products.product", "pk": 18, "fields": {"category": 2, "sku": null, "name": "MICROSOFT 14.4\" Surface Laptop Studio 2", "description": "MICROSOFT 14.4\" Surface Laptop Studio 2 - Intel® Core™ i7, 1 TB SSD, Platinum", "has_sizes": false, "price": "2299.00", "rating": null, "image_url": null, "image": "MICROSOFT_14.422_Surface_Laptop_Studio_2_-_Intel_Core_i7_1_TB_SSD_Platinum.png"}}, {"model": "products.product", "pk": 19, "fields": {"category": 2, "sku": null, "name": "SAMSUNG Galaxy Book4 Ultra 16\"", "description": "SAMSUNG Galaxy Book4 Ultra 16\" Laptop - Intel® Core™ Ultra 9, 1 TB SSD, Grey", "has_sizes": false, "price": "1799.00", "rating": null, "image_url": null, "image": "SAMSUNG_Galaxy_Book4_Ultra_1622_Laptop_-_Intel_Core_Ultra_9_1_TB_SSD_Grey.png"}}, {"model": "products.product", "pk": 20, "fields": {"category": 3, "sku": null, "name": "AMAZON Kindle Paperwhite Signature Edition 6.8\"", "description": "AMAZON Kindle Paperwhite Signature Edition 6.8\" eReader - 32 GB, Black", "has_sizes": false, "price": "799.00", "rating": null, "image_url": null, "image": "AMAZON_Kindle_Paperwhite_Signature_Edition_6.822_eReader_-_32_GB_Black.png"}}, {"model": "products.product", "pk": 21, "fields": {"category": 3, "sku": null, "name": "AMAZON Kindle Scribe 10.2\"", "description": "AMAZON Kindle Scribe 10.2\" eReader - Basic Pen, 16 GB, Tungsten Grey", "has_sizes": false, "price": "899.00", "rating": null, "image_url": null, "image": "AMAZON_Kindle_Scribe_10.222_eReader_-_Basic_Pen_16_GB_Tungsten_Grey.png"}}, {"model": "products.product", "pk": 22, "fields": {"category": 3, "sku": null, "name": "KOBO Elipsa 2E 10.3\"", "description": "KOBO Elipsa 2E 10.3\" eReader - 32 GB, Black", "has_sizes": false, "price": "799.00", "rating": null, "image_url": null, "image": "KOBO_Elipsa_2E_10.322_eReader_-_32_GB_Black.png"}}, {"model": "products.product", "pk": 23, "fields": {"category": 3, "sku": null, "name": "KOBO Libra 2 7\"", "description": "KOBO Libra 2 7\" eReader - 32 GB, Black", "has_sizes": false, "price": "699.00", "rating": null, "image_url": null, "image": "KOBO_Libra_2_722_eReader_-_32_GB_Black.png"}}, {"model": "products.product", "pk": 24, "fields": {"category": 3, "sku": null, "name": "KOBO Libra 2 7\"", "description": "KOBO Libra 2 7\" eReader - 32 GB, White", "has_sizes": false, "price": "699.00", "rating": null, "image_url": null, "image": "KOBO_Libra_2_722_eReader_-_32_GB_White.png"}}, {"model": "products.product", "pk": 25, "fields": {"category": 3, "sku": null, "name": "REMARKABLE 2", "description": "REMARKABLE 2 with Marker Plus & Black Leather Book Folio Case", "has_sizes": false, "price": "799.00", "rating": null, "image_url": null, "image": "REMARKABLE_2_with_Marker_Plus__Black_Leather_Book_Folio_Case.png"}}, {"model": "products.product", "pk": 26, "fields": {"category": 3, "sku": null, "name": "REMARKABLE 2", "description": "REMARKABLE 2 with Marker Plus & Grey Polymer Weave Folio Case", "has_sizes": false, "price": "699.00", "rating": null, "image_url": null, "image": "REMARKABLE_2_with_Marker_Plus__Grey_Polymer_Weave_Folio_Case.png"}}, {"model": "products.product", "pk": 27, "fields": {"category": 3, "sku": null, "name": "LENOVO Smart Paper 10.3\"", "description": "LENOVO Smart Paper 10.3\" eReader - 64 GB, Storm Grey", "has_sizes": false, "price": "799.00", "rating": null, "image_url": null, "image": "LENOVO_Smart_Paper_10.322_eReader_-_64_GB_Storm_Grey.png"}}, {"model": "products.product", "pk": 28, "fields": {"category": 4, "sku": null, "name": "ACER ACTAB10KB24 10.1\"", "description": "ACER ACTAB10KB24 10.1\" Tablet - 32 GB, Metal Black.png", "has_sizes": false, "price": "1299.00", "rating": null, "image_url": null, "image": "ACER_ACTAB10KB24_10.122_Tablet_-_32_GB_Metal_Black.png"}}, {"model": "products.product", "pk": 29, "fields": {"category": 4, "sku": null, "name": "LENOVO Tab Extreme 14.5\"", "description": "LENOVO Tab Extreme 14.5\" Tablet with Keyboard & Pen - 256 GB, Grey", "has_sizes": false, "price": "1199.00", "rating": null, "image_url": null, "image": "LENOVO_Tab_Extreme_14.522_Tablet_with_Keyboard__Pen_-_256_GB_Grey.png"}}, {"model": "products.product", "pk": 30, "fields": {"category": 4, "sku": null, "name": "LENOVO Tab P12 Pro 12.6\"", "description": "LENOVO Tab P12 Pro 12.6\" Tablet - 256 GB, Storm Grey", "has_sizes": false, "price": "1099.00", "rating": null, "image_url": null, "image": "LENOVO_Tab_P12_Pro_12.622_Tablet_-_256_GB_Storm_Grey.png"}}, {"model": "products.product", "pk": 31, "fields": {"category": 4, "sku": null, "name": "SAMSUNG Galaxy Tab S9 Ultra 14.6\"", "description": "SAMSUNG Galaxy Tab S9 Ultra 14.6\" 5G Tablet - 512 GB, Graphite", "has_sizes": false, "price": "1099.00", "rating": null, "image_url": null, "image": "SAMSUNG_Galaxy_Tab_S9_Ultra_14.622_5G_Tablet_-_512_GB_Graphite.png"}}, {"model": "products.product", "pk": 32, "fields": {"category": 4, "sku": null, "name": "APPLE 10.9\" iPad Air", "description": "APPLE 10.9\" iPad Air Cellular (2022) - 256 GB, Purple", "has_sizes": false, "price": "1499.00", "rating": null, "image_url": null, "image": "APPLE_10.922_iPad_Air_Cellular_2022_-_256_GB_Purple.png"}}, {"model": "products.product", "pk": 33, "fields": {"category": 4, "sku": null, "name": "APPLE 10.9\" iPad Air", "description": "APPLE 10.9\" iPad Air Cellular (2022) - 256 GB, Space Grey", "has_sizes": false, "price": "1499.00", "rating": null, "image_url": null, "image": "APPLE_12.922_iPad_Pro_2022_-_2_TB_Silver.png"}}, {"model": "products.product", "pk": 34, "fields": {"category": 4, "sku": null, "name": "APPLE 12.9\" iPad Pro", "description": "APPLE 12.9\" iPad Pro (2022) - 2 TB, Silver", "has_sizes": false, "price": "1299.00", "rating": null, "image_url": null, "image": "APPLE_12.922_iPad_Pro_2022_-_2_TB_Silver_llNHHTj.png"}}, {"model": "products.product", "pk": 35, "fields": {"category": 4, "sku": null, "name": "APPLE 12.9\" iPad Pro", "description": "APPLE 12.9\" iPad Pro Cellular (2022) - 2 TB, Space Grey", "has_sizes": false, "price": "1399.00", "rating": null, "image_url": null, "image": "APPLE_12.922_iPad_Pro_Cellular_2022_-_2_TB_Space_Grey.png"}}, {"model": "products.product", "pk": 36, "fields": {"category": 5, "sku": null, "name": "SAMSUNG Galaxy Z", "description": "SAMSUNG Galaxy Z Fold5", "has_sizes": false, "price": "1899.00", "rating": null, "image_url": null, "image": "SAMSUNG_Galaxy_Z_Fold5.png"}}, {"model": "products.product", "pk": 37, "fields": {"category": 5, "sku": null, "name": "HONOR Magic V2", "description": "HONOR Magic V2 - 512 GB, Phantom Purple", "has_sizes": false, "price": "1699.00", "rating": null, "image_url": null, "image": "HONOR_Magic_V2_-_512_GB_Phantom_Purple.png"}}, {"model": "products.product", "pk": 38, "fields": {"category": 5, "sku": null, "name": "APPLE iPhone 15 Pro Max", "description": "APPLE iPhone 15 Pro Max - 1 TB, Black Titanium", "has_sizes": false, "price": "1899.00", "rating": null, "image_url": null, "image": "APPLE_iPhone_15_Pro_Max_-_1_TB_Black_Titanium.png"}}, {"model": "products.product", "pk": 39, "fields": {"category": 5, "sku": null, "name": "GOOGLE Pixel Fold", "description": "GOOGLE Pixel Fold - 256 GB, Porcelain", "has_sizes": false, "price": "1699.00", "rating": null, "image_url": null, "image": "GOOGLE_Pixel_Fold_-_256_GB_Porcelain.png"}}, {"model": "products.product", "pk": 40, "fields": {"category": 5, "sku": null, "name": "GOOGLE Pixel Fold", "description": "GOOGLE Pixel Fold - 512 GB, Obsidian", "has_sizes": false, "price": "1699.00", "rating": null, "image_url": null, "image": "GOOGLE_Pixel_Fold_-_512_GB_Obsidian.png"}}, {"model": "products.product", "pk": 41, "fields": {"category": 5, "sku": null, "name": "SAMSUNG Galaxy S23 Ultra", "description": "SAMSUNG Galaxy S23 Ultra - 512 GB, Green", "has_sizes": false, "price": "1899.00", "rating": null, "image_url": null, "image": "SAMSUNG_Galaxy_S23_Ultra_-_512_GB_Green.png"}}, {"model": "products.product", "pk": 42, "fields": {"category": 5, "sku": null, "name": "SAMSUNG Galaxy S24 Ultra", "description": "SAMSUNG Galaxy S24 Ultra - 1 TB, Titanium Black", "has_sizes": false, "price": "1899.00", "rating": null, "image_url": null, "image": "SAMSUNG_Galaxy_S24_Ultra_-_1_TB_Titanium_Black.png"}}, {"model": "products.product", "pk": 44, "fields": {"category": 5, "sku": null, "name": "HONOR Magic V2", "description": "HONOR Magic V2 - 512 GB, Midnight Black", "has_sizes": false, "price": "1699.00", "rating": null, "image_url": null, "image": "HONOR_Magic_V2_-_512_GB_Midnight_Black.png"}}, {"model": "products.product", "pk": 45, "fields": {"category": 6, "sku": null, "name": "APPLE Watch Ultra 2", "description": "APPLE Watch Ultra 2 Cellular - 49 mm Titanium Case with Black & Blue Trail Loop, S/M", "has_sizes": false, "price": "1199.00", "rating": null, "image_url": null, "image": "APPLE_Watch_Ultra_2_Cellular_-_49_mm_Titanium_Case_with_Black__Blue_Trail_Loop_SM.png"}}, {"model": "products.product", "pk": 46, "fields": {"category": 6, "sku": null, "name": "APPLE Watch Ultra 2", "description": "APPLE Watch Ultra 2 Cellular - 49 mm Titanium Case with Indigo Alpine Loop, Medium", "has_sizes": false, "price": "1299.00", "rating": null, "image_url": null, "image": "APPLE_Watch_Ultra_2_Cellular_-_49_mm_Titanium_Case_with_Indigo_Alpine_Loop_Medium.png"}}, {"model": "products.product", "pk": 47, "fields": {"category": 6, "sku": null, "name": "GARMIN epix Pro", "description": "GARMIN epix Pro - Silver & Whitestone, 42 mm", "has_sizes": false, "price": "999.00", "rating": null, "image_url": null, "image": "GARMIN_epix_Pro_-_Silver__Whitestone_42_mm.png"}}, {"model": "products.product", "pk": 48, "fields": {"category": 6, "sku": null, "name": "GARMIN epix Pro", "description": "GARMIN epix Pro - Slate Grey & Black, 51 mm", "has_sizes": false, "price": "999.00", "rating": null, "image_url": null, "image": "GARMIN_epix_Pro_-_Slate_Grey__Black_51_mm.png"}}, {"model": "products.product", "pk": 49, "fields": {"category": 6, "sku": null, "name": "HUAWEI Watch Ultimate", "description": "HUAWEI Watch Ultimate - Expedition Black, Large", "has_sizes": false, "price": "699.00", "rating": null, "image_url": null, "image": "HUAWEI_Watch_Ultimate_-_Expedition_Black_Large.png"}}, {"model": "products.product", "pk": 50, "fields": {"category": 6, "sku": null, "name": "HUAWEI Watch Ultimate", "description": "HUAWEI Watch Ultimate - Voyage Blue, Large", "has_sizes": false, "price": "699.00", "rating": null, "image_url": null, "image": "HUAWEI_Watch_Ultimate_-_Voyage_Blue_Large.png"}}, {"model": "products.product", "pk": 51, "fields": {"category": 6, "sku": null, "name": "SAMSUNG Galaxy Watch5 Pro", "description": "SAMSUNG Galaxy Watch5 Pro 4G with Bixby & Google Assistant - Black Titanium, 45 mm", "has_sizes": false, "price": "899.00", "rating": null, "image_url": null, "image": "SAMSUNG_Galaxy_Watch5_Pro_4G_with_Bixby__Google_Assistant_-_Black_Titanium_45_mm.png"}}, {"model": "products.product", "pk": 52, "fields": {"category": 6, "sku": null, "name": "SAMSUNG Galaxy Watch5", "description": "SAMSUNG Galaxy Watch5 Pro BT Golf Edition with Bixby & Google Assistant - Black Titanium, 45 mm", "has_sizes": false, "price": "899.00", "rating": null, "image_url": null, "image": "SAMSUNG_Galaxy_Watch5_Pro_BT_Golf_Edition_with_Bixby__Google_Assistant_-_Black_Titanium_45_mm.png"}}, {"model": "products.product", "pk": 53, "fields": {"category": 7, "sku": null, "name": "FITBIT Charge 5", "description": "FITBIT Charge 5 Fitness Tracker - Black, Universal", "has_sizes": false, "price": "199.00", "rating": null, "image_url": null, "image": "FITBIT_Charge_5_Fitness_Tracker_-_Black_Universal.png"}}, {"model": "products.product", "pk": 54, "fields": {"category": 7, "sku": null, "name": "FITBIT Charge 5", "description": "FITBIT Charge 5 Fitness Tracker - Steel Blue, Universal", "has_sizes": false, "price": "199.00", "rating": null, "image_url": null, "image": "FITBIT_Charge_5_Fitness_Tracker_-_Steel_Blue_Universal.png"}}, {"model": "products.product", "pk": 55, "fields": {"category": 7, "sku": null, "name": "FITBIT Charge 6", "description": "FITBIT Charge 6 Fitness Tracker - Coral, Silicone Strap, Universal", "has_sizes": false, "price": "249.00", "rating": null, "image_url": null, "image": "FITBIT_Charge_6_Fitness_Tracker_-_Coral_Silicone_Strap_Universal.png"}}, {"model": "products.product", "pk": 56, "fields": {"category": 7, "sku": null, "name": "FITBIT Charge 6", "description": "FITBIT Charge 6 Fitness Tracker - Porcelain, Silicone Strap, Universal", "has_sizes": false, "price": "249.00", "rating": null, "image_url": null, "image": "FITBIT_Charge_6_Fitness_Tracker_-_Porcelain_Silicone_Strap_Universal.png"}}, {"model": "products.product", "pk": 57, "fields": {"category": 7, "sku": null, "name": "GARMIN Vivosmart 5", "description": "GARMIN Vivosmart 5 - Black, Large", "has_sizes": false, "price": "179.00", "rating": null, "image_url": null, "image": "GARMIN_Vivosmart_5_-_Black_Large.png"}}, {"model": "products.product", "pk": 58, "fields": {"category": 7, "sku": null, "name": "GARMIN Vivosmart 5", "description": "GARMIN Vivosmart 5 - White, Medium", "has_sizes": false, "price": "179.00", "rating": null, "image_url": null, "image": "GARMIN_Vivosmart_5_-_White_Medium.png"}}, {"model": "products.product", "pk": 59, "fields": {"category": 7, "sku": null, "name": "HUAWEI Band 8", "description": "HUAWEI Band 8 - Black", "has_sizes": false, "price": "179.00", "rating": null, "image_url": null, "image": "HUAWEI_Band_8_-_Black.png"}}, {"model": "products.product", "pk": 60, "fields": {"category": 7, "sku": null, "name": "HUAWEI Band 8", "description": "HUAWEI Band 8 - Pink", "has_sizes": false, "price": "179.00", "rating": null, "image_url": null, "image": "HUAWEI_Band_8_-_Pink.png"}}, {"model": "products.product", "pk": 61, "fields": {"category": 8, "sku": null, "name": "MICROSOFT Xbox Series S", "description": "MICROSOFT Xbox Series S (512 GB) & CloudX Stinger Core Xbox Wireless Gaming Headset Bundle", "has_sizes": false, "price": "899.00", "rating": null, "image_url": null, "image": "MICROSOFT_Xbox_Series_S_512_GB__CloudX_Stinger_Core_Xbox_Wireless_Gaming_Headset_Bundle.png"}}, {"model": "products.product", "pk": 62, "fields": {"category": 8, "sku": null, "name": "MICROSOFT Xbox Series S", "description": "MICROSOFT Xbox Series S, Xbox Game Pass & CloudX Stinger Core Wireless Headset Bundle", "has_sizes": false, "price": "899.00", "rating": null, "image_url": null, "image": "MICROSOFT_Xbox_Series_S_Xbox_Game_Pass__CloudX_Stinger_Core_Wireless_Headset_Bundle.png"}}, {"model": "products.product", "pk": 63, "fields": {"category": 8, "sku": null, "name": "MICROSOFT Xbox Series X", "description": "MICROSOFT Xbox Series X, Extra Controller & CloudX Stinger Core Xbox Wireless Headset Bundle", "has_sizes": false, "price": "899.00", "rating": null, "image_url": null, "image": "MICROSOFT_Xbox_Series_X_Extra_Controller__CloudX_Stinger_Core_Xbox_Wireless_Headset_Bundle.png"}}, {"model": "products.product", "pk": 64, "fields": {"category": 8, "sku": null, "name": "NINTENDO Switch OLED", "description": "NINTENDO Switch OLED (Red & Blue) & EA Sports FC 24 Bundle", "has_sizes": false, "price": "599.00", "rating": null, "image_url": null, "image": "NINTENDO_Switch_OLED_Red__Blue__EA_Sports_FC_24_Bundle.png"}}, {"model": "products.product", "pk": 65, "fields": {"category": 8, "sku": null, "name": "NINTENDO Switch OLED Neon", "description": "NINTENDO Switch OLED Neon & Mario Kart 8 Deluxe Bundle", "has_sizes": false, "price": "599.00", "rating": null, "image_url": null, "image": "NINTENDO_Switch_OLED_Neon__Mario_Kart_8_Deluxe_Bundle.png"}}, {"model": "products.product", "pk": 66, "fields": {"category": 8, "sku": null, "name": "SONY PlayStation 5 Digital Edition", "description": "SONY PlayStation 5 Digital Edition Model Group, Docking Station, Wireless Controller Bundle", "has_sizes": false, "price": "799.00", "rating": null, "image_url": null, "image": "SONY_PlayStation_5_Digital_Edition_Model_Group_Docking_Station_Wireless_Controller_Bundle.png"}}, {"model": "products.product", "pk": 67, "fields": {"category": 8, "sku": null, "name": "SONY PlayStation 5", "description": "SONY PlayStation 5 Wreckfest & EA Sports FC 24 Bundle", "has_sizes": false, "price": "799.00", "rating": null, "image_url": null, "image": "SONY_PlayStation_5_Wreckfest__EA_Sports_FC_24_Bundle.png"}}, {"model": "products.product", "pk": 68, "fields": {"category": 8, "sku": null, "name": "SONY PlayStation 5", "description": "SONY PlayStation 5 Wreckfest, Hogwarts Legacy & Marvel's Spider-Man 2 Bundle", "has_sizes": false, "price": "799.00", "rating": null, "image_url": null, "image": "SONY_PlayStation_5_Wreckfest_Hogwarts_Legacy__Marvels_Spider-Man_2_Bundle.png"}}, {"model": "products.product", "pk": 69, "fields": {"category": 10, "sku": null, "name": "ACER Predator Helios Spatial Labs", "description": "ACER Predator Helios Spatial Labs 3D 15.6\" Gaming Laptop - Intel® Core™ i9, RTX 4080, 1 TB SSD", "has_sizes": false, "price": "2479.00", "rating": null, "image_url": null, "image": "ACER_Predator_Helios_Spatial_Labs_3D_15.622_Gaming_Laptop_-_Intel_Core_i9_RTX_4080_1_TB_SSD.png"}}, {"model": "products.product", "pk": 70, "fields": {"category": 10, "sku": null, "name": "ACER Predator Orion 3000", "description": "ACER Predator Orion 3000 PO3-650 Gaming PC - Intel® Core™ i7, RTX 4070, 1 TB SSD", "has_sizes": false, "price": "2349.00", "rating": null, "image_url": null, "image": "ACER_Predator_Orion_3000_PO3-650_Gaming_PC_-_Intel_Core_i7_RTX_4070_1_TB_SSD.png"}}, {"model": "products.product", "pk": 71, "fields": {"category": 10, "sku": null, "name": "GIGABYTE AORUS", "description": "GIGABYTE AORUS 17X 17.3\" Gaming Laptop - Intel® Core™ i9, RTX 4090, 2 TB SSD", "has_sizes": false, "price": "2459.00", "rating": null, "image_url": null, "image": "GIGABYTE_AORUS_17X_17.322_Gaming_Laptop_-_Intel_Core_i9_RTX_4090_2_TB_SSD.png"}}, {"model": "products.product", "pk": 72, "fields": {"category": 10, "sku": null, "name": "LENOVO Legion T5", "description": "LENOVO Legion T5 Gaming PC - AMD Ryzen 7, RTX 4070, 1 TB SSD", "has_sizes": false, "price": "2179.00", "rating": null, "image_url": null, "image": "LENOVO_Legion_T5_Gaming_PC_-_AMD_Ryzen_7_RTX_4070_1_TB_SSD.png"}}, {"model": "products.product", "pk": 73, "fields": {"category": 10, "sku": null, "name": "PCSPECIALIST Flux", "description": "PCSPECIALIST Flux 330 Gaming PC - Intel® Core™ i7, RTX 4070, 1 TB SSD", "has_sizes": false, "price": "2579.00", "rating": null, "image_url": null, "image": "PCSPECIALIST_Flux_330_Gaming_PC_-_Intel_Core_i7_RTX_4070_1_TB_SSD.png"}}, {"model": "products.product", "pk": 74, "fields": {"category": 10, "sku": null, "name": "SAMSUNG Galaxy Book3 Pro", "description": "SAMSUNG Galaxy Book3 Pro 360 16\" 2 in 1 Laptop - Intel® Core™ i7, 1 TB SSD, Graphite", "has_sizes": false, "price": "1789.00", "rating": null, "image_url": null, "image": "SAMSUNG_Galaxy_Book3_Pro_360_1622_2_in_1_Laptop_-_Intel_Core_i7_1_TB_SSD_Graphite.png"}}, {"model": "products.product", "pk": 75, "fields": {"category": 10, "sku": null, "name": "SAMSUNG Galaxy Book3 Ultra", "description": "SAMSUNG Galaxy Book3 Ultra 16\" Laptop - Intel® Core™ i9, RTX 4070, 1 TB SSD", "has_sizes": false, "price": "1899.00", "rating": null, "image_url": null, "image": "SAMSUNG_Galaxy_Book3_Ultra_1622_Laptop_-_Intel_Core_i9_RTX_4070_1_TB_SSD.png"}}, {"model": "products.product", "pk": 76, "fields": {"category": 10, "sku": null, "name": "SAMSUNG QE65S95CATXXU 65\" Smart 4K", "description": "SAMSUNG QE65S95CATXXU 65\" Smart 4K Ultra HD HDR OLED TV with Bixby & Alexa", "has_sizes": false, "price": "2389.00", "rating": null, "image_url": null, "image": "SAMSUNG_QE65S95CATXXU_6522_Smart_4K_Ultra_HD_HDR_OLED_TV_with_Bixby__Alexa.png"}}, {"model": "products.product", "pk": 77, "fields": {"category": 11, "sku": null, "name": "DJI Mini 2 SE Drone", "description": "DJI Mini 2 SE Drone - Grey", "has_sizes": false, "price": "489.00", "rating": null, "image_url": null, "image": "DJI_Mini_2_SE_Drone_-_Grey.png"}}, {"model": "products.product", "pk": 78, "fields": {"category": 11, "sku": null, "name": "GEL BLASTER Surge", "description": "GEL BLASTER Surge - White & Green", "has_sizes": false, "price": "69.00", "rating": null, "image_url": null, "image": "GEL_BLASTER_Surge_-_White__Green.png"}}, {"model": "products.product", "pk": 79, "fields": {"category": 11, "sku": null, "name": "GEL BLASTER Surge X", "description": "GEL BLASTER Surge XL Day 'N' Nite - White & Green", "has_sizes": false, "price": "149.00", "rating": null, "image_url": null, "image": "GEL_BLASTER_Surge_XL_Day_N_Nite_-_White__Green.png"}}, {"model": "products.product", "pk": 80, "fields": {"category": 11, "sku": null, "name": "LEXIBOOK Powerman", "description": "LEXIBOOK Powerman Max Educational Robot - Grey & White", "has_sizes": false, "price": "179.00", "rating": null, "image_url": null, "image": "LEXIBOOK_Powerman_Max_Educational_Robot_-_Grey__White.png"}}, {"model": "products.product", "pk": 81, "fields": {"category": 11, "sku": null, "name": "LEXIBOOK RC50", "description": "LEXIBOOK RC50 Extreme Crosslander RC Car - Black & Blue", "has_sizes": false, "price": "89.00", "rating": null, "image_url": null, "image": "LEXIBOOK_RC50_Extreme_Crosslander_RC_Car_-_Black__Blue.png"}}, {"model": "products.product", "pk": 82, "fields": {"category": 11, "sku": null, "name": "STEAM POWERED KIDS", "description": "STEAM POWERED KIDS Scientific Discovery Kit", "has_sizes": false, "price": "49.00", "rating": null, "image_url": null, "image": "STEAM_POWERED_KIDS_Scientific_Discovery_Kit.png"}}, {"model": "products.product", "pk": 83, "fields": {"category": 11, "sku": null, "name": "TRACTIVE DOG", "description": "TRACTIVE DOG 4 GPS Tracker & Activity Monitor - White", "has_sizes": false, "price": "59.00", "rating": null, "image_url": null, "image": "TRACTIVE_DOG_4_GPS_Tracker__Activity_Monitor_-_White.png"}}, {"model": "products.product", "pk": 84, "fields": {"category": 11, "sku": null, "name": "VTECH JotBot", "description": "VTECH JotBot The Smart Drawing Robot", "has_sizes": false, "price": "69.00", "rating": null, "image_url": null, "image": "VTECH_JotBot_The_Smart_Drawing_Robot.png"}}, {"model": "profiles.userprofile", "pk": 1, "fields": {"user": 1, "default_phone_number": null, "default_street_address1": null, "default_street_address2": null, "default_town_or_city": null, "default_county": null, "default_postcode": null, "default_country": null}}, {"model": "profiles.userprofile", "pk": 2, "fields": {"user": 2, "default_phone_number": null, "default_street_address1": null, "default_street_address2": null, "default_town_or_city": null, "default_county": null, "default_postcode": null, "default_country": null}}]